Constituency,Category,Winner,Winner party,Winner votes,Winner vote share %,Runner-up,Runner-up party,Runner-up votes,Margin (votes),Margin %,Turnout %
Alipore,,Tapas Paul,AITC,37440,52.18,Biplab Chatterjee,CPI(M),26138,11302,15.75,60.27
Alipurduars,,Nirmal Das,RSP,72394,49.97,Sourav Chakroborty,INC,33526,38868,26.83,84.71
Amdanga,,Abdus Sattar,CPI(M),77923,48.53,Rafiquer Rahaman,AITC,69023,8900,5.54,89.43
Amta,,Pratyush Mukherjee,CPI(M),64924,51.87,Ashok Maji,AITC,53257,11667,9.32,84.18
Araidanga,,Sabitri Mitra,INC,58856,49.46,Sadiqul Islam,CPI(M),54576,4280,3.60,84.90
Arambagh,,Binoy Datta,CPI(M),104067,62.26,Bivabindu Nandi,AITC,50324,53743,32.15,85.43
Arsa,,Prabhat Mahato,AIFB,51379,47.15,Bibhuti Bhusan Mahato,INC,20469,30910,28.37,75.63
Asansol,,Prativaranjan Mukherjee,CPI(M),52692,49.12,Kalyan Banerjee,AITC,40882,11810,11.01,63.41
Ashokenagar,,Satyasebi Kar,CPI(M),73250,46.08,Dhiman Roy,AITC,71450,1800,1.13,86.57
Aurangabad,,Touab Ali,CPI(M),63407,45.99,Humayun Reza,INC,61041,2366,1.72,84.31
Ausgram,SC,Kartick Chandra Bag,CPI(M),85952,66.28,Chhaya Chowdhury,AITC,25956,59996,46.26,82.48
Baduria,,Md. Shelim Gain,CPI(M),63456,45.62,Abdul Gaffar Kazi,INC,63289,167,0.12,88.24
Bagdaha,SC,Dulal Bar,AITC,79896,49.77,Kamalakshi Biswas,AIFB,74991,4905,3.06,88.08
Bagnan,,Akkel Ali Khan,CPI(M),63327,45.13,Arup Roy,AITC,44966,18361,13.08,79.76
Baharampur,,Manoj Chakraborty,IND,94562,50.55,Amal Karmakar,RSP,68836,25726,13.75,81.04
Balagarh,SC,Dibakanta Routh,CPI(M),69627,51.85,Asima Patra,AITC,51662,17965,13.38,86.40
Balarampur,,Bhandu Majhi,CPI(M),57094,55.53,Barjuram Singh Sardar,AITC,31193,25901,25.19,79.87
Bally,,Kanika Ganguly,CPI(M),54262,59.21,Rekha Raut,AITC,24737,29525,32.22,71.40
Ballygunge,,Ahmed Javed Khan,AITC,59693,48.21,Rabin Deb,CPI(M),53242,6451,5.21,65.36
Balurghat,,Biswanath Choudhury,RSP,57150,46.17,Choudhuri Debasree,BJP,48895,8255,6.67,89.02
Banduan,ST,Upendra Nath Hansda,CPI(M),55486,54.10,Kamala Kanta Mandi,BJP,24842,30644,29.88,81.43
Bankura,,Partha De,CPI(M),68426,50.45,Kashinath Mishra,AITC,49926,18500,13.64,78.37
Bansberia,,Ashutosh Mukhopadhyay,CPI(M),67755,50.57,Suma Mukherjee,AITC,43598,24157,18.03,82.99
Bara Bazar,,Md. Sohrab,RJD,9527,34.32,Amitabha Chakraborty,INC,8760,767,2.76,42.15
Barabani,,Dilip Sarkar,CPI(M),59783,52.02,Upadhyay Manik,AITC,44401,15382,13.38,72.06
Baranagar,,Amar Chowdhury,RSP,85584,51.44,Atin Ghosh,AITC,67428,18156,10.91,78.38
Barasat,,Dr. Bithika Mondal,AIFB,124664,46.76,Ashoke Mukherjee(Gopal),AITC,118077,6587,2.47,83.27
Barjora,,Susmita Biswas,CPI(M),73859,53.27,Daripa Shampa,AITC,53383,20476,14.77,81.61
Baruipur,,Rahul Ghosh,CPI(M),80540,47.34,Arup Bhadra,AITC,76633,3907,2.30,81.73
Barwan,,Biswa Nath Banerjee,RSP,61311,48.01,Arit Majumder,INC,57058,4253,3.33,80.69
Basanti,SC,Subhas Naskar,RSP,88857,66.34,Amal Kanti Ray,BJP,36256,52601,39.27,74.27
Basirhat,,Narayan Mukherjee,CPI(M),66993,41.90,Asit Majumdar,INC,65727,1266,0.79,85.58
Behala Paschim,,Partha Chatterjee,AITC,82259,48.84,Niranjan Chatterjee,CPI(M),76532,5727,3.40,74.73
Behala Purba,,Kumkum Chakraborti,CPI(M),103421,51.17,Sovan Chatterjee,AITC,77526,25895,12.81,78.43
Beldanga,,Refatullah Md.,RSP,66527,46.28,Golam Kibria Mia,INC,65017,1510,1.05,79.31
Belgachia East,,Subhas Chakraborti,CPI(M),91273,46.41,Sujit Bose,AITC,89524,1749,0.89,71.59
Belgachia West,,Mala Saha,AITC,37711,45.89,Rajdeo Gowala,CPI(M),37173,538,0.65,67.61
Beliaghata,,Manabendra Mukherjee,CPI(M),48251,53.01,Ashim Chatterjee,AITC,31876,16375,17.99,71.67
Bhagabangola,,Chand Mohammad,WBSP,60889,46.47,Abu Sufian Sarkar,INC,51424,9465,7.22,89.18
Bhagabanpur,,Ardhendu Maity,AITC,62212,49.79,Gourkanti Bal,CPI(M),57727,4485,3.59,91.35
Bhangar,,Arabul Islam,AITC,71990,48.07,Mosharaf Hossain Laskar,CPI(M),69000,2990,2.00,89.15
Bharatpur,,Id Mohammad,RSP,63621,49.55,Afzal Hossain Khan (Sunju),INC,56289,7332,5.71,81.19
Bhatar,,Sayed Md. Masih,CPI(M),75610,57.96,Banamali Hajra,AITC,40307,35303,27.06,83.10
Bhatpara,,Arjun Sing,AITC,50368,61.48,Harimohan Nath,CPI(M),21692,28676,35.00,69.03
Bijpur,,Dr. Nirjharini Chakrabarty,CPI(M),57715,52.66,Kalyani Biswas ( Basu),AITC,39930,17785,16.23,74.26
Binpur,ST,Chunibala Hansda,JKP(N),54149,47.87,Sambhu Nath Mandi,CPI(M),48389,5760,5.09,80.06
Bishnupur East,SC,Ananda Kumar Biswas,CPI(M),59099,50.30,Dilip Mondal,AITC,52786,6313,5.37,83.02
Bishnupur West,,Rathin Sarkar,CPI(M),60913,44.37,Madan Mitra,AITC,56653,4260,3.10,82.22
Bolpur,,Tapan Hore,RSP,73493,58.50,Rakshit Chitta Ranjan,AITC,30627,42866,34.12,82.64
Bongaon,,Bhupendra Nath Seth,AITC,86213,49.30,Pankaj Ghosh,CPI(M),82748,3465,1.98,87.51
Bow Bazar,,Sudip Bandyopadhyay,INC,21451,40.29,Rekha Singh,CPI(M),15309,6142,11.54,54.41
Budge Budge,,Ashok Kumar Deb,AITC,72889,57.10,Ratan Bagchi,CPI(M),47780,25109,19.67,79.69
Burdwan North,,Pradip Tah,CPI(M),106838,63.63,Deb Narayan Guha,AITC,43423,63415,37.77,86.58
Burdwan South,,Nirupam Sen,CPI(M),99218,56.53,Samir Kumar Roy,AITC,63976,35242,20.08,83.08
Burtola,,Sadhan Pande,AITC,36581,54.55,Kalyan Mukherjee,RSP,21863,14718,21.95,68.08
Canning East,,Abdur Razzak Molla,CPI(M),70725,57.56,Amirul Islam,AITC,40176,30549,24.86,84.37
Canning Paschim,SC,Dwijapada Mondol,CPI(M),64749,41.69,Gobinda Chandra Naskar,AITC,63303,1446,0.93,80.66
Chakdaha,,Malay Kumar Samanta,CPI(M),109670,55.17,Naresh Chandra Chaki,AITC,77801,31869,16.03,88.67
Champdani,,Jibesh Chakraborty,CPI(M),61090,38.91,Abdul Mannan,INC,53040,8050,5.13,73.80
Chandernagore,,Sibaprosad (Ratan) Bandyopadhyay,CPI(M),64406,45.65,Ram Chakrabortty,AITC,46816,17590,12.47,75.04
Chanditala,,Bhaktaram Pan,CPI(M),83078,51.03,Swati Khandoker,AITC,68309,14769,9.07,80.35
Chandrakona,SC,Gurupada Dutta,CPI(M),96276,61.36,Lakshmipriya Mondal,AITC,44735,51541,32.85,92.03
Chapra,,Shamsul Islam Mollah,CPI(M),73290,47.76,Abdur Rashid Mollick,INC,46992,26298,17.14,87.89
Chhatna,,Anath Bandhu Mondal,RSP,53751,52.04,Mahasweta Mondal,AITC,36300,17451,16.89,75.07
Chinsurah,,Naren Dey,AIFB,79678,51.99,Ashis Sen,AITC,55877,23801,15.53,79.43
Chopra,,Anwarul Haque,CPI(M),69663,50.96,Hamidul Rahaman,INC,62065,7598,5.56,88.17
Chowringhee,,Subrata Bakshi,AITC,23000,38.19,Narayan Jain,CPI(M),20790,2210,3.67,50.98
Contai North,,Chakradhar Maikap,CPI(M),67376,48.30,Jyotirmoy Kar,AITC,64871,2505,1.80,90.18
Contai South,,Suvendu Adhikari,AITC,68608,50.59,Satyendra Nath Panda,CPI,60028,8580,6.33,88.27
Cooch Behar North,,Dipak Chandra Sarkar,AIFB,67997,48.37,Mihir Goswami,AITC,36325,31672,22.53,85.33
Cooch Behar West,,Akshay Thakur,AIFB,79273,51.07,Abdul Jalil Ahmed,AITC,52587,26686,17.19,84.98
Cossipur,,Bandyopadhyay Tarak,AITC,26150,43.15,Salil Chatterjee,CPI(M),24514,1636,2.70,68.19
Dantan,,Nanda Gopal Battacharjee,CPI,83149,60.44,Bikram Chandra Pradhan,AITC,46285,36864,26.80,85.31
Darjeeling,,Pranay Rai,GNLF,58646,52.97,Amar Lama,IND,36636,22010,19.88,62.75
Daspur,,Sunil Adhikari,CPI(M),61298,49.32,Ajit Bhunia,AITC,58121,3177,2.56,81.97
Debra,,Sk. Jahangir Karim,CPI(M),80109,55.96,Mrigendra Nath Maiti,AITC,55638,24471,17.09,91.91
Deganga,,Dr. Mortoza Hossain,AIFB,61864,47.38,Mafidul Haque Sahaji,AITC,50327,11537,8.84,86.48
Dhakuria,,Kshiti Goswami,RSP,57669,47.73,Sougata Roy,AITC,56582,1087,0.90,69.98
Dhaniakhali,SC,Ajit Patra,AIFB,86874,63.35,Jitendra Nath Sarkar,AITC,41625,45249,33.00,87.02
Dhupguri,SC,Lakshmi Kanta Roy,CPI(M),66040,49.29,Ashok Kumar Barman,AITC,49175,16865,12.59,89.22
Diamond Harbour,,Rishi Halder,CPI(M),64005,47.50,Subhashis Chakraborty,AITC,58789,5216,3.87,79.06
Dinhata,,Ashok Mandal,AITC,66774,45.55,Udayan Guha,AIFB,63144,3630,2.48,82.63
Domjur,,Mohanta Chatterjee,CPI(M),101015,53.45,Rajib Banerjee,AITC,70106,30909,16.35,80.47
Domkal,,Anisur Rahaman,CPI(M),86079,51.88,Rejaul Karim (Manik),INC,76485,9594,5.78,91.37
Dubrajpur,SC,Ghosh Bhakti Pada,AIFB,75907,60.34,Sailen Mahata,AITC,23252,52655,41.86,83.20
Dum Dum,,Rekha Goswami,CPI(M),99054,53.96,Udayan Namboodiry,AITC,68816,30238,16.47,81.35
Durgapur-I,,Mrinal Banerjee,CPI(M),61924,59.90,Banshi Badan Karmakar,INC,20952,40972,39.63,75.50
Durgapur-II,,Biprendu Kumar Chakraborty,CPI(M),111818,54.78,Apurba Mukherjee,AITC,75625,36193,17.73,78.14
Egra,,Adhikari Sisir Kumar,AITC,67786,48.01,Sinha Prabodh Chandra,DSP(P),66196,1590,1.13,89.80
English Bazar,,Krishnendu Narayan Choudhury,INC,67576,46.26,Samar Roy,CPI(M),66670,906,0.62,82.04
Entally,,Hashim Abdul Halim,CPI(M),38934,49.59,Khalid Ebadullah,INC,19633,19301,24.58,61.71
Falakata,SC,Jogesh Ch. Barman,CPI(M),69910,50.99,Anil Adhikari,AITC,56596,13314,9.71,86.37
Falta,,Chandana Ghoshdostidar,CPI(M),51814,45.70,Tamonash Ghosh,AITC,50060,1754,1.55,81.54
Farakka,,Mainul Haque,INC,59682,49.05,Abdus Salam,CPI(M),53142,6540,5.38,84.20
Gaighata,SC,Jyoti Priya Mallick,AITC,93811,48.27,Monmatha Roy,CPI(M),88992,4819,2.48,89.01
Gajol,ST,Sadhu Tudu,CPI(M),68942,51.43,Jatin Hansda,INC,33847,35095,26.18,84.04
Galsi,SC,Mehbub Mondal,AIFB,85098,67.68,Anil Kumar Saha,BJP,26682,58416,46.46,83.10
Gangajalghati,SC,Angad Bauri,CPI(M),67319,58.11,Swapan Bauri,AITC,37158,30161,26.03,78.85
Gangarampur,SC,Narayan Biswas,CPI(M),90393,52.20,Biplab Mitra,AITC,69576,20817,12.02,89.85
Garden Reach,,Abdul Khaleque Molla,INC,45557,48.42,Amin Mohammed,CPI(M),36683,8874,9.43,60.70
Garhbeta East,,Ghosh Susanta,CPI(M),93599,69.80,Md. Rofique,AITC,32175,61424,45.80,92.91
Garhbeta West,SC,Krishna Prasad Duley,CPI(M),88101,63.80,Tapas Saha,BJP,33828,54273,39.30,91.57
Ghatal,SC,Ratan Pakhira,CPI(M),80349,59.31,Ayan Dolui,BJP,29462,50887,37.56,82.68
Goalpokhar,,Deepa Dasmunsi,INC,63784,49.68,Hafiz Alam Sairani,AIFB,55474,8310,6.47,75.83
Goghat,SC,Niranjan Pandit,AIFB,111228,69.76,Bishnupada Pakhira,AITC,38027,73201,45.91,91.00
Gopiballavpur,,Rabi Lal Maitra,CPI(M),78953,63.33,Swapan Patra,AITC,27488,51465,41.28,85.16
Gosaba,SC,Chitta Ranjan Mandal,RSP,57594,48.69,Jayanta Naskar,AITC,51110,6484,5.48,84.36
Habibpur,ST,Khagen Murmu,CPI(M),56477,45.67,Ramlal Hansda,BJP,47283,9194,7.43,83.50
Habra,,Pranab Kumar Bhattacharyya,CPI(M),79166,46.10,Tapati Datta,AITC,51071,28095,16.36,87.01
Hansan,,Asit Kumar Mal,INC,60314,50.90,Khagendra Nath Mal,CPI(M),50824,9490,8.01,85.52
Hanskhali,SC,Nayan Sarkar,CPI(M),84328,47.86,Dr. Ramendra Nath Biswas,AITC,81307,3021,1.71,88.98
Haora,,Asim Kumar Das,CPI(M),80322,55.43,Mrityunjoy Mondal,AITC,47798,32524,22.44,87.27
Hariharpara,,Insar Ali Biswas,CPI(M),68862,45.14,Niamot Sheikh,INC,68765,97,0.06,87.26
Haringhata,SC,Bankim Chandra Ghosh,CPI(M),95524,51.90,Dipak Basu,AITC,68058,27466,14.92,89.63
Haripal,,Bharati Mukherjee,CPI(M),68479,52.99,Safiul Islam Sarkar,AITC,49424,19055,14.75,81.34
Harishchandrapur,,Tajmul Hossain,AIFB,62021,46.68,Alam Mostaque,INC,60019,2002,1.51,83.47
Hasnabad,,Goutam Deb,CPI(M),57994,47.35,Islam Rafikul Mondal,AITC,41385,16609,13.56,86.35
Hingalganj,SC,Gopal Gayen,CPI(M),66171,51.42,Debes Mandal,AITC,54098,12073,9.38,87.62
Hirapur,,Amitava Mukhopadhyay,CPI(M),44238,47.83,Ghatak Moloy,AITC,41634,2604,2.82,68.02
Howrah Central,,Arup Ray (Tukun),CPI(M),35657,42.29,Ambica Banerjee,AITC,28988,6669,7.91,73.69
Howrah North,,Lagan Deo Singh,CPI(M),52361,53.80,Bani Singha Roy,AITC,21459,30902,31.75,66.29
Howrah South,,Krishna Kisor Ray (K.K.Ray),CPI(M),40493,48.06,Amitava Datta,JD(U),17487,23006,27.30,64.20
Hura,,Subhas Chandra Mahata,CPI(M),53566,48.92,Baghambar Mahato,AITC,31476,22090,20.17,78.29
Indas,SC,Mahadeb Patra,CPI(M),86056,64.05,Digar Basudeb,AITC,34491,51565,38.38,87.46
Indpur,SC,Indrajit Tangi,CPI,66775,58.84,Gour Chandra Lohar,BJP,32839,33936,29.91,80.88
Islampur,,Md. Faruque,CPI(M),55240,45.21,Abdul Karim Chowdhary,AITC,47828,7412,6.07,75.41
Itahar,,Srikumar Mukherjee,CPI,66768,46.09,Amal Acharjee,INC,66028,740,0.51,86.97
Jadavpur,,Buddhadeb Bhattacharjee,CPI(M),127837,61.25,Dipak Kumar Ghosh,AITC,69707,58130,27.85,75.93
Jagatballavpur,,Biplab Majumdar,CPI(M),72161,48.76,Biman Chakraborti,AITC,60752,11409,7.71,80.05
Jagatdal,,Haripada Biswas,AIFB,64536,47.39,Rahul (Biswajit) Sinha,BJP,54796,9740,7.15,81.99
Jaipur,,Bindeswar Mahato,AIFB,54427,46.54,Shantiram Mahato,INC,52188,2239,1.91,77.49
Jalangi,,Unus Sarkar,CPI(M),84109,51.16,Subrata Saha,INC,71822,12287,7.47,90.49
Jalpaiguri,SC,Deba Prasad Roy,INC,54051,44.57,Gobinda Roy,AIFB,53033,1018,0.84,83.78
Jamalpur,SC,Samar Hazra,IND,94568,63.61,Sankar Chandra Mallick,AITC,41517,53051,35.68,88.20
Jamuria,,Dhirajlal Hazra,CPI(M),71999,68.80,Tapan Chakraborty,AITC,17226,54773,52.34,71.66
Jangipara,,Sudarsan Raychaudhuri,CPI(M),79418,57.57,Ehsanul Haque Kazi (Badsha),AITC,50645,28773,20.86,82.37
Jangipur,,Abul Hasnat,RSP,61526,48.85,Habibur Rahaman,INC,48029,13497,10.72,80.87
Jhalda,,Nepal Mahata,INC,59594,51.48,Ashim Singha,AIFB,41535,18059,15.60,79.89
Jhargram,,Amar Basu,CPI(M),74300,54.82,Shivendra Bijoy Malladeb,INC,34299,40001,29.51,78.77
Jorabagan,,Parimal Biswas,CPI(M),21739,48.62,Sanjoy Bakshi,AITC,15030,6709,15.01,55.19
Jorasanko,,Dinesh Bajaj,AITC,14162,41.24,Shyam Sundar Gupta,AIFB,13343,819,2.38,50.91
Joynagar,,Debaprasad Sarkar,IND,59749,45.64,Asish Ghosh,CPI(M),46263,13486,10.30,79.83
Kabitirtha,,Ram Pyare Ram,INC,40280,50.48,Moinuddin Shams,AIFB,30923,9357,11.73,53.30
Kakdwip,,Ashok Giri,CPI(M),65749,49.44,Manturam Pakhira,AITC,57333,8416,6.33,88.18
Kalchini,ST,Manohar Tirkey,RSP,52748,46.09,Paban Kumar Lakra,INC,47759,4989,4.36,82.82
Kaliachak,,Biswanath Ghosh,CPI(M),70766,46.91,Abu Hasem Khan Choudhury,INC,68789,1977,1.31,83.69
Kaliaganj,SC,Nani Gopal Roy,CPI(M),69626,44.97,Pramatha Nath Ray,INC,67344,2282,1.47,88.46
Kaliganj,,Dhananjoy Modak,RSP,57006,43.26,Nasiruddin Ahmed (Lal),AITC,53245,3761,2.85,81.76
Kalimpong,,Gaulan Lepcha,GNLF,57854,56.32,Norden Lama,IND,32043,25811,25.13,68.13
Kalna,SC,Anjali Mondal,CPI(M),90046,59.74,Asis Chakraborty,AITC,42999,47047,31.21,89.36
Kalyanpur,,Rabindra Nath Mitra,CPI(M),58408,48.40,Asit Mitra,INC,54320,4088,3.39,80.24
Kamarhati,,Manash Mukherjee,CPI(M),71322,56.40,Subhrangshu Bhattacharya,AITC,40634,30688,24.27,77.25
Kandi,,Apurba Sarkar (David),IND,50157,34.87,Abdul Hamid,CPI,47525,2632,1.83,81.69
Kanksa,SC,Ankure Saresh,CPI(M),87937,65.68,Lakshi Narayan Saha,AITC,33150,54787,40.92,82.46
Karandighi,,Gokul Roy,AIFB,71430,45.07,Hazi Sajjad Hussain,INC,66995,4435,2.80,80.31
Karimpur,,Prafulla Kumar Bhowmick,CPI(M),74036,47.18,Arabinda Mandal,INC,54161,19875,12.66,89.86
Kashipur,,Rabindra Nath Hembram,CPI(M),56208,56.08,Anath Bandhu Patar,AITC,29362,26846,26.78,76.97
Katwa,,Chatterjee Rabindranath,INC,76806,48.41,Sudipta Bagchi,CPI(M),71401,5405,3.41,85.97
Keshiari,ST,Maheswar Murmu,CPI(M),88763,63.46,Shyam Charan Mandi,AITC,34903,53860,38.51,88.51
Keshpur,SC,Rameswar Doloi,CPI(M),101908,70.45,Asis Pramanik,AITC,35742,66166,45.74,90.88
Ketugram,,Tamal Chandra Majhi,CPI(M),77751,59.34,Amar Ram,INC,44575,33176,25.32,84.11
Khajuri,SC,Swadesh Patra,WBSP,73317,57.82,Dr. Partha Pratim Das,AITC,49936,23381,18.44,92.32
Khanakul,,Banshi Badan Maitra,CPI(M),83584,57.02,Kalyani Maji,AITC,52261,31323,21.37,84.58
Khandaghosh,SC,Prasanta Majhi,CPI(M),89701,68.64,Biswanath Roy,AITC,30815,58886,45.06,88.84
Kharagpur Rural,,Haque Nazmul,CPI(M),77775,53.96,Ajit Maity,AITC,44124,33651,23.35,80.48
Kharagpur Sadar,,Gyan Singh Sohanpal,INC,30528,38.68,Prem Chandra Jha,RJD,21553,8975,11.37,59.27
Kharba,,Mahabubul Haque(Badal),INC,66877,50.63,Anjumanara,CPI(M),56690,10187,7.71,85.46
Khardah,,Asim Kumar Dasgupta,CPI(M),102995,56.58,Mahadeb Basak,BJP,60690,42305,23.24,85.68
Khargram,SC,Manabendranath Saha,CPI(M),66736,49.11,Ashis Marjit,INC,61335,5401,3.97,84.63
Kotulpur,,Kalpana Koley,CPI(M),95146,64.73,Sen Maumdar Aloka,AITC,40974,54172,36.86,91.27
Kranti,,Fazlul Karim,CPI(M),63153,53.79,Atul Roy,IND,19974,43179,36.78,84.93
Krishnaganj,SC,Binay Krishna Biswas,CPI(M),64391,46.79,Sushil Biswas,AITC,59353,5038,3.66,89.38
Krishnagar East,,Ghosh Subinay (Bhajan),CPI(M),69380,44.93,Dr. Ramendra Nath Sarkar,AITC,68823,557,0.36,86.21
Krishnagar West,,Asoke Banerjee,CPI(M),64743,48.80,Ujjal Biswas,AITC,53514,11229,8.46,90.07
Kulpi,,Sakuntala Paik,CPI(M),51680,45.83,Jagaranjan Haldar,AITC,49888,1792,1.59,82.01
Kultali,SC,Joykrishna Halder,IND,67664,47.86,Ramsankar Halder,CPI(M),66860,804,0.57,86.38
Kulti,,Ujjal Chatterjee,AITC,57097,54.55,Acharya Maniklal,AIFB,40281,16816,16.07,66.03
Kumarganj,,Mafuja Khatun,CPI(M),75769,48.73,Ahmad Ali Sardar (Moulana Saheb),AITC,65133,10636,6.84,88.74
Kumargram,ST,Dasrath Tirkey,RSP,69540,53.92,Swapan Kujur,AITC,32372,37168,28.82,85.41
Kurseong,,Shanta Chhetri,GNLF,63295,53.56,Buddhiman Rai,IND,30237,33058,27.98,71.05
Kushmundi,SC,Narmada Chandra Roy,RSP,66131,46.86,Rajib Lochan Sarkar,INC,43915,22216,15.74,88.43
Labpur,,Nabanita Mukherjee,CPI(M),65265,57.69,Ojha Debasis,AITC,33724,31541,27.88,82.79
Lalgola,,Abu Hena,INC,69538,49.24,Jinnatunnesa Begam,CPI(M),63201,6337,4.49,87.11
Madarihat,ST,Kumari Kujur,RSP,47331,40.96,Atul Suba,INC,28565,18766,16.24,81.98
Magrahat Paschim,,Dr.Abul Hasnat,CPI(M),59274,50.43,Giasuddin Molla,AITC,38049,21225,18.06,76.49
Magrahat Purba,SC,Bansari Mohan Kanji,CPI(M),66996,50.48,Nomita Saha,AITC,46676,20320,15.31,78.61
Mahammad Bazar,,Dhiren Bagdi,CPI(M),69740,53.74,Biswajit Mukherjee,INC,43260,26480,20.41,81.88
Maheshtala,,Mursalin Molla,CPI(M),65691,49.99,Dulal Das,INC,37835,27856,21.20,75.80
Mahishadal,,Tamalika Panda Seth,CPI(M),65704,48.99,Buddhadeb Bhowmik,AITC,62672,3032,2.26,91.06
Mainaguri,SC,Bachchamohan Roy,RSP,72090,53.51,Gokul Kumar Roy,BJP,24704,47386,35.17,84.52
Mal,ST,Somra Lakra,CPI(M),56564,48.43,Turi Kol Munda,INC,46608,9956,8.52,83.33
Maldaha,SC,Subhendu Chowdhury,CPI(M),63654,41.05,Bhupendra Nath Halder (Arjun),INC,52318,11336,7.31,84.28
Manbazar,ST,Samya Pyari Mahato,CPI(M),56739,49.51,Kamakshya Prasad Singh Deo,AITC,48035,8704,7.59,81.78
Mandirbazar,SC,Dr. Tapati Saha,CPI(M),63751,47.91,Choudhury Mohan Jatua,AITC,62399,1352,1.02,80.59
Mangalkote,,Sadhana Mallik,CPI(M),72664,59.24,Abdul Based Sekh,AITC,32050,40614,33.11,80.14
Manicktola,,Rupa Bagchi,CPI(M),53908,47.83,Paresh Paul,AITC,52523,1385,1.23,73.20
Manikchak,,Asima Chaudhuri,CPI(M),45660,44.29,Ram Prabesh Mandal,INC,40196,5464,5.30,76.05
Manteswar,,Chaudhuri Md. Hedayatullah,CPI(M),73281,57.93,Narayan Hazra Chowdhury,AITC,36403,36878,29.15,84.99
Mathabhanga,SC,Ananta Roy,CPI(M),78033,54.92,Hem Chandra Barman,BJP,50033,28000,19.71,86.38
Mathurapur,,Kanti Ganguly,CPI(M),74657,49.45,Saytaranjan Bapuli,AITC,66926,7731,5.12,87.98
Mayureswar,,Bagdi Sadhucharan,CPI(M),66814,61.02,Subhas Chandra Mandal,BJP,29813,37001,33.79,79.05
Medinipur,,Santosh Rana,CPI,87629,57.37,Rama Prasad Tewary,AITC,31055,56574,37.04,83.43
Mekliganj,SC,Paresh Chandra Adhikary,AIFB,67491,46.79,Sunil Chandra Roy,AITC,39490,28001,19.41,87.44
Memari,,Sandhya Bhattacharya,CPI(M),103173,60.63,Sk. Mohammad Ismile,AITC,48094,55079,32.37,88.28
Moyna,,Sk. Mujibur Rahman,CPI(M),70544,48.95,Prafulla Kumar Barai,AITC,59470,11074,7.68,90.07
Mugberia,,Kiranmay Nanda,WBSP,72465,52.98,Kajal Barman,AITC,57813,14652,10.71,92.29
Murarai,,Elahi Md. Qamre,CPI(M),61876,47.70,Dr. Motahar Hossain,INC,57657,4219,3.25,87.40
Murshidabad,,Bivas Chakraborty,AIFB,82312,48.98,Joyanta Roy,IPFB,69014,13298,7.91,86.69
Nabadwip,,Pundarikakshya Saha,AITC,67745,51.10,Chhaya Sen Sarma,CPI(M),58373,9372,7.07,89.05
Nabagram,SC,Mukul Mondal,CPI(M),74594,52.38,Rathin Ghosh,INC,52018,22576,15.85,86.92
Nadanghat,,Swapan Debnath,AITC,84790,49.62,Ratan Das,CPI(M),75032,9758,5.71,91.00
Nagrakata,ST,Sukhmoith (Piting) Oraon,CPI(M),62676,47.32,Shankar Baraik,INC,40934,21742,16.42,82.75
Naihati,,Ranjit Kundu,CPI(M),61274,49.00,Dhillon Sarkar,AITC,51390,9884,7.90,80.67
Nakashipara,,Kallol Khan,AITC,63505,45.36,S. M. Sadi,CPI(M),63095,410,0.29,86.58
Nalhati,,Dipak Chatterjee,AIFB,58787,50.44,Abdul Walee Mollah,INC,48620,10167,8.72,83.63
Nandanpur,,Chowdhury Chakraborty Bula,CPI(M),63169,49.78,Nanda Kumar Mishra,AITC,59311,3858,3.04,88.09
Nandigram,,Illias Mahammad Sk.,CPI,69376,48.71,Sk. Supian,AITC,64553,4823,3.39,88.13
Nanoor,SC,Joydeb Hazra,CPI(M),72713,58.56,Gadadhar Hazra,AITC,41348,31365,25.26,81.97
Naoda,,Abu Taher Khan,INC,74192,47.97,Jayanta Kumar Biswas,RSP,72860,1332,0.86,86.56
Narayangarh,,Surjya Kanta Mishra,CPI(M),85930,56.68,Salil Kumar Das Pattanayak,AITC,49023,36907,24.34,89.39
Narghat,,Nanda Brahmamay,WBSP,75212,50.16,Amiya Kanti Bhattacharya (Kablu),AITC,66602,8610,5.74,91.89
Natabari,,Tamser Ali,CPI(M),67845,48.84,Rabindra Nath Ghosh,AITC,63009,4836,3.48,90.32
Nayagram,ST,Bhutnath Saren,CPI(M),65495,60.83,Shunaram Mahali,AITC,21120,44375,41.22,81.10
Noapara,,Kusadhwaj Ghosh,CPI(M),44550,47.73,Manju Basu,AITC,40043,4507,4.83,78.79
Onda,,Tarapada Chakrabarti,AIFB,80618,60.26,Abeda Bibi Sk.,AITC,32923,47695,35.65,81.59
Palashipara,,Biswanath Ghosh,CPI(M),70740,48.20,Saha Tapas Kumar,AITC,38375,32365,22.05,85.81
Panchla,,Doli Roy,AIFB,64274,47.80,Abul Kasem Molla,AITC,38771,25503,18.96,75.24
Pandua,,Sekh Majed Ali,CPI(M),90516,60.62,Alam Kazi Rowshan ( Badsha ),AITC,44858,45658,30.58,85.68
Panihati,,Gopal Krishna Bhattacharyya,CPI(M),75466,48.05,Nirmal Ghosh,AITC,71620,3846,2.45,80.40
Panskura East,,Amiya Kumar Sahoo,CPI(M),72858,49.64,Biplab Ray Chowdhury,AITC,65998,6860,4.67,88.13
Panskura West,,Chittaranjan Dasthakur,CPI,77525,57.25,Jaidul Khan,AITC,50539,26986,19.93,85.92
Para,SC,Bilasibala Sahis .,CPI(M),62165,52.65,Sima Bauri,AITC,26890,35275,29.87,77.30
Pataspur,,Kamakhyanandan Dasmahapatra,CPI,72327,50.39,Kar Tapan Kanti,AITC,65402,6925,4.82,92.19
Patharpratima,,Jajneswar Das,CPI(M),60812,46.91,Samir Kumar Jana,AITC,51371,9441,7.28,87.71
Phansidewa,ST,Kisku Chhotan,CPI(M),93689,50.22,Mamla Kujur,INC,58185,35504,19.03,84.45
Pingla,,Rampada Samanta,DSP(P),74393,57.05,Hrishikesh Dinda,AITC,44664,29729,22.80,89.81
Polba,,Shaktipada Khanra,CPI(M),73959,55.85,Sk. Sahadat Ali,AITC,38390,35569,26.86,84.69
Purbasthali,,Subrata Bhowal,CPI(M),71213,50.03,Ansar Mondal,AITC,55178,16035,11.26,87.46
Pursurah,,Saumendranath Bera,CPI(M),84289,59.39,Sk.Parvez Rahman,AITC,49327,34962,24.64,89.60
Purulia,,Nikhil Mukherjee,CPI(M),62854,50.03,Dr.Sukumar Roy,INC,46852,16002,12.74,75.49
Raghunathpur,SC,Uma Rani Bouri,CPI(M),52027,53.02,Purna Chandra Bouri,AITC,29232,22795,23.23,73.38
Raiganj,,Chitta Ranjan Ray,INC,77789,46.70,Dilip Kumar Das,NCP,62029,15760,9.46,81.72
Raina,SC,Swapan Samanta,CPI(M),91990,66.43,Nityananda Tah,AITC,34334,57656,41.63,88.51
Raipur,ST,Upen Kisku,CPI(M),72397,54.72,Bibhabati Tudu,AITC,46496,25901,19.58,82.76
Rajarhat,SC,Rabindranath Mandal,CPI(M),118430,50.26,Tanmoy Mondal,AITC,101621,16809,7.13,82.10
Rajganj,SC,Mahendra Kumar Roy,CPI(M),109548,51.67,Khageswar Roy,AITC,60076,49472,23.33,83.22
Rajnagar,SC,Bijoy Bagdi,AIFB,69021,61.42,Seuli Saha,AITC,36584,32437,28.87,79.97
Ramnagar,,Swadesh Ranjan Nayak,CPI(M),81057,51.41,Akhil Giri,AITC,72230,8827,5.60,88.36
Rampurhat,,Asish Banerjee,AITC,62223,47.86,Nirad Baran Mandal,AIFB,54070,8153,6.27,81.92
Ranaghat East,SC,Debendra Nath Biswas,CPI(M),98559,50.33,Nilima Nag (Mallick),AITC,88446,10113,5.16,88.89
Ranaghat West,,Aloke Kumar Das,CPI(M),76109,42.58,Shankar Singha,INC,75928,181,0.10,89.39
Ranibandh,ST,Deblina Hembram,CPI(M),52827,45.35,Aditya Kisku,JKP(N),41937,10890,9.35,80.13
Raniganj,,Haradhan Jha,CPI(M),71981,68.29,Jitendra Tiwari,AITC,21810,50171,47.60,75.25
Rashbehari Avenue,,Sobhandeb Chattopadhyay,AITC,34800,54.50,Mala Roy,INC,12917,21883,34.27,59.14
Ratua,,Sailen Sarkar,CPI(M),54620,48.37,Asit Bose (Bachchu),INC,49587,5033,4.46,79.14
Sabang,,Manas Ranjan Bhunia,INC,68592,49.70,Tushar Kanti Laya,CPI(M),62079,6513,4.72,94.19
Sagar,,Milan Parua,CPI(M),79764,49.45,Bankim Chandra Hazra,AITC,71451,8313,5.15,91.76
Sagardighi,,Parikshit Let,CPI(M),62983,48.62,Rajesh Kumar Bhakat,INC,56920,6063,4.68,84.15
Salbani,,Khagendra Nath Mahata,CPI(M),67541,54.71,Uttara Singha (Hazra),AITC,44797,22744,18.42,89.70
Sandeshkhali,ST,Abani Roy,CPI(M),69859,53.97,Gita Mondal,AITC,49867,19992,15.44,85.41
Sankrail,SC,Sital Kumar Sardar,AITC,66551,44.76,Anirban Hazra,CPI(M),66438,113,0.08,76.84
Santipur,,Ajoy Dey,INC,89834,47.78,Santanu Chakrabarti,CPI(M),87721,2113,1.12,92.61
Satgachhia,,Sonali Guha (Bose),AITC,64322,48.01,Kabita Kayal,CPI(M),57526,6796,5.07,82.95
Sealdah,,Somendra Nath Mitra,INC,23011,58.53,Prabir Deb,CPI,10252,12759,32.45,60.34
Shibpur,,Dr. Jagannath Bhattacharyya,AIFB,92894,46.39,Jatu Lahiri,AITC,83335,9559,4.77,74.29
Shyampukur,,Jiban Prakash Saha,AIFB,26382,52.53,Samik Bhattacharya,BJP,16304,10078,20.07,64.68
Shyampur,,Kali Pada Mandal,AITC,66654,48.08,Asit Baran Sau,AIFB,62913,3741,2.70,81.50
Siliguri,,Asok Bhattacharya,CPI(M),117943,55.44,Nantu Paul,INC,42972,74971,35.24,78.56
Singur,,Rabindranath Bhattacharjee,AITC,68911,47.92,Srikanta Chattopadhyay,CPI(M),67124,1787,1.24,83.17
Sitai,SC,Dr. Md. Fazle Haque,INC,72184,47.30,Nripendra Nath Roy,AIFB,67289,4895,3.21,83.35
Sitalkuchi,SC,Harish Chandra Barman,CPI(M),75093,52.74,Lalit Chandra Pramanik,AITC,56226,18867,13.25,88.70
Sonamukhi,SC,Niresh Bagdi,CPI(M),69455,56.39,Dipali Saha,AITC,37751,31704,25.74,85.02
Sonarpur,SC,Shyamal Naskar,CPI(M),113146,48.65,Nirmal Ch. Mandal,AITC,105126,8020,3.45,79.90
Sreerampur,,Dr. Ratna De (Nag),AITC,40133,39.74,Dhirendra Nath Das Gupta,CPI,31958,8175,8.09,66.88
Suri,,Tapan Roy,CPI(M),68545,48.51,Swapan Kanti Ghosh,INC,48170,20375,14.42,84.11
Sutahata,SC,Nityananda Bera,CPI(M),108033,56.77,Tushar Kanti Mandal,AITC,70754,37279,19.59,90.93
Suti,,Jane Alam Mian,RSP,61605,46.90,Md. Sohrab,INC,56272,5333,4.06,83.25
Suzapur,,Rubi Noor,INC,62869,53.56,Hamidur Rahman,CPI(M),45229,17640,15.03,79.99
Swarupnagar,SC,Mostafa Bin Quasem,CPI(M),67889,46.68,Narayan Goswami,AITC,61337,6552,4.51,87.67
Taldangra,,Manoranjan Patra,CPI(M),82991,61.26,Manik Mitra,AITC,32632,50359,37.17,84.90
Taltola,SC,Debesh Das,CPI(M),39618,49.33,Sumanta Kumar Hira,AITC,25129,14489,18.04,66.14
Tamluk,,Mitra Jagannath,CPI,74425,49.00,Chitta Ranjan Maiti,AITC,63485,10940,7.20,89.49
Tapan,ST,Khara Soren,RSP,74414,56.77,Columbus Tirki,BJP,29592,44822,34.19,88.30
Tarakeswar,,Pratim Chatterjee,IND,74849,58.10,Krishna Bhattacharjee,BJP,44578,30271,23.50,87.55
Titagarh,,Dr. Pravin Kumar,CPI(M),32331,43.00,Meena Ghosh,AITC,31515,816,1.09,70.21
Tollygunge,,Aroop Biswas,AITC,46378,46.67,Partha Pratim Biswas,CPI(M),45852,526,0.53,69.30
Tufanganj,,Alaka Barman,CPI(M),74243,54.58,Malati Rava (Ray),BJP,49026,25217,18.54,90.70
Udaynarayanpur,,Chandra Lekha Bag,CPI(M),62943,49.91,Samir Kumar Panja,AITC,38665,24278,19.25,84.10
Ukhra,SC,Madan Bauri,CPI(M),90852,66.00,Upender Paswan,JD(U),22207,68645,49.87,66.46
Uluberia North,SC,Mohan Mondal,CPI(M),62896,48.90,Gopal Dolui,AITC,45283,17613,13.69,75.20
Uluberia South,,Rabindra Ghosh,AIFB,57699,42.71,Pulak Roy,AITC,55688,2011,1.49,78.96
Uttarpara,,Prof. Dr. Srutinath Praharaj,CPI(M),73149,48.44,Sudipta Roy,AITC,72264,885,0.59,74.96
Vidyasagar,,Anadi Kumar Sahu,CPI(M),28992,49.69,Pryal Chaudhury,INC,14416,14576,24.98,59.60
Vishnupur,,Swapan Ghosh,CPI(M),76334,59.00,Subhasis Batabayal,AITC,27655,48679,37.63,85.66